id,name
124103514,Senior Angular Frontend Developer
123876026,"Junior Data Scientist, Отдел сопровождения проектов ИИ"
123896181,"Intern, Data Science"
124106955,Data scientist (junior +/middle)
124082449,Junior Data Scientist
124091792,Junior Data Scientist
123943372,Data Scientist
124101320,ML Engineer
124028435,IT-рекрутер
124101858,Бизнес-аналитик Senior
124029851,Специалист тендерного отдела (IT\Аутстафф)
124073102,Java-разработчик (Middle) для банка
123979467,Младший разработчик С# (Junior/Junior+)
121370571,Data Scientist / ML Engineer
123983412,Unity-разработчик (Junior/Junior+)
123441557,Data Scientist
123883964,Руководитель проектов IT (РП / Project Manager)
123469364,ML engineer (NLP & LLM)
124124181,Python Developer/backend
124037730,Data Scientist
124065257,DevOps-инженер | Based in Almaty or open to relocate
123518480,Python-разработчик
123736003,ML-инженер (Junior Data Scientist)
124062836,ИТ-рекрутер
123953248,Программист 1С
121949184,ML-инженер
124025697,Дизайнер
123930667,Machine Learning engineer (Python)
124026312,Junior CV инженер (data scientist)
123938688,Recruiter
123885160,ML/AI Разработчик
123985648,Fullstack разработчик (fullstack developer)
124118694,Data scientist (модели HR)
123938355,Data Scientist (Анализ цены)
123366738,Data Scientist
123879338,Руководитель направления по администрированию контрактов
124110642,Middle Rust-разработчик
123506211,AI engineer
123944487,UI/UX Дизайнер
123900923,Аналитик
123225356,Асессор поисковых запросов
124023081,Middle Data Analyst / Data Scientist
123955887,QA Engineer (автотестирование)
124066232,Руководитель группы продаж b2c
123484931,Engineering Manager / Team Lead
122940580,Ведущий разработчик искусственного интеллекта/Middle Data scientist
123831189,Data Scientist/ML-Аналитик
123883934,Менеджер по продажам в IT
123043889,Системный аналитик (Junior+)
123918645,ML engineer / Data scientist
123941683,Founding AI Engineer
123872727,"ML инженер, Data scientist"
123899750,Data Engineer
124065994,ML-специалист (Machine Learning Engineer / Data Scientist)
123883633,Аналитик-разработчик Power BI
123905331,Креатор видеоконтента / Специалист по видеопроизводству
123764322,Менеджер проектов
123671848,Data Scientist
124070575,Руководитель отдела системного администрирования и технической поддержки
124011923,Бизнес - аналитик (в команду BI)
123682322,QA-инженер
124077452,Специалист по работе с данными | Лидерская программа
122954341,Python/ML Engineer
123672652,Системный администратор (стажёр)
124119703,Data scientist Geospatial Analyst
123876687,"Data Engineer, Отдел сопровождения проектов ИИ"
123935132,ML Engineer (Computer Vision)
123981102,Инженер по информационной безопасности
124019342,Data Scientist Middle
123883806,ML Engineer
123311720,Electronics System Engineer Инженер по электронным системам
124112052,Аналитик данных/Data Scientist
124101461,AI специалист по оптимизации процессов
123811198,ML-инженер
124032083,Менеджер KPI
124027508,Python-разработчик в команду ИИ для сотрудников
123571761,Trainee Frontend Developer
123615509,B2B Менеджер по продажам / Outreach Sales
123524554,Тестировщик ПО/QA-инженер
123318628,SQL-разработчик (Senior)
124115166,Data Scientist / ML Engineer
123982805,Data Analytic
123981859,Специалист по внедрению ИИ
124062417,Data analyst
117558942,Junior Data Scientist
124084971,"Data scientist / ML-инженер (NLP, LLM)"
124086483,Продуктовый Аналитик
123894511,.NET Developer
124064647,Аналитик продаж
123882420,Trainee Python Developer
122948356,Backend-разработчик (Python)
123844743,Инженер по нейросетям / ML-инженер
123506730,Биоинформатик (junior)
123884001,Старший backend-разработчик (Python) в AHUB:AI
123166506,Младший аналитик данных // Junior data analyst
123885000,ML-инженер (OCR)
124075597,Middle Product Manager (Портал «Рамблер»)
123845447,ML Engineer
123873779,Ведущий специалист
123557335,Data Scientist (математическое моделирование)
123505974,Data Scientist (NLP)
122811473,ML Engineer (Стажер)
122183818,Инженер данных/ Data Scientist /Data engineer
120982880,AI-инженер
123509957,Data Scientist
123884458,Специалист по работе с исполнительным производством
121152496,Data Scientist (ML)
123393322,Редактор
124000186,Data Engineer
123146276,Java-разработчик (банковский проект)
123662686,ML Engineer
123838579,Junior ML engineer
123315377,Начинающий специалист по противодействию мошенничеству
123864147,ML-инженер
123903585,"Разработчик Java, Факторы ранжирования"
124056429,Промпт-инженер/AI-специалист по оптимизации процессов
123361988,ML-инженер
123698460,ML Engineer
123518646,Middle Python-разработчик (AI)
123263839,Project manager
123874813,R&D AI Engineer
124048870,Senior ML Engineer в немецкую компанию
124090260,"Data Scientist (NLP, RAG)"
123898657,Middle аналитик данных
123734159,ML-инженер
123148737,Junior Machine Learning Engineer
123454862,Python Developer (AI / EdTech)
123912242,Директор по информационной безопасности (CISO)
123934914,Специалист по внедрению систем на базе ИИ
123971169,"Senior Fullstack Developer (Node.js, React)"
120042242,ML Engineer (recommendations)
122639109,Python-разработчик
124031325,Специалист машинного обучения (Middle ML engineer)
123261299,Проджект менеджер по внедрению ИИ
124114434,Senior Data Scientist в команду NLP Search
124022860,Data Scientist (релокация)
122700474,Аналитик данных (команда Антифрод)
123405149,Data Scientist ( направление рекомендательных систем )
123829689,Стажер-аналитик в Сетку
122489794,Data Scientist (стажер)
123933642,Ведущий UX-UI дизайнер
122837098,Python Developer
121747658,ML Engineer
123423087,QA Engineer (Manual)
123449297,Data-scientist
123596014,Java разработчик (middle+/senior)
123530937,Младший разработчик ML / Data science / Python (стажер)
123942400,Senior Product manager
124028846,"Data Scientist, ML Global"
123760759,Junior Аналитик данных
123763377,"Middle ML Engineer (Computer Vision & NLP, Python / Golang, on-premise)"
124003627,Специалист по искусственному интеллекту (AI Specialist)
124100558,Разработчик BI
123616391,LLM / AI Engineer
124099260,Аналитик данных (Data Analyst)
123264557,Data Scientist Junior+
123849953,Data Scientist (стажер)
124126211,Computer Vision / AI Engineer
123954664,ML engineer
124082852,Стажер Data Scientist (классический ML)
123207727,Стажер по машинному обучению
123708466,Продуктовый аналитик
123940062,ML-инженер
124028068,Data Scientist
124022411,Data Scientist
123837905,ML-инженер
124028489,Machine Learning специалист (Middle+/Senior)
123557711,Таргетолог
123597485,ML-инженер (стажер)
122377246,Менеджер
123915891,Конструктор-технолог
123638863,Junior/Middle Java Developer
124017248,CV инженер (data scientist)
124090846,ML-инженер
123814903,Junior ML Engineer
121091720,Intern Data Analyst / Стажер - аналитик данных
121787980,Стажер Data Science Новосибирск
124024592,Аналитик данных
121889490,"Data Scientist, Anti-Fraud, Ozon Bank"
123255462,Python Developer
123265550,ML-инженер
123983293,Автор исторических текстов (генеалогия и история семьи)
123306949,HR бизнес-партнер коммерческого департамента
122972568,"Junior Data Scientist в команду ""Модели для поставок"""
123071487,Продуктовый лидер направления «Цифровой аватар процессов»
124021429,Старший специалист административного отдела
123613186,Data Scientist
123436531,Product AI
123749441,Бизнес-аналитик
123562084,Promt инженер LLM
124120817,"Digital-маркетолог (контекст, таргетинг, data science)"
123570610,AI/ML разработчик
124118080,Менеджер образовательных проектов
124118412,Python ML-инженер (LLM)
123798416,Аналитик
122716258,AI-инженер
124066476,Аналитик (Руководитель группы)
123346515,Специалист по исследованию данных
123576821,Intern/Business analyst
124071959,ML/DS Engineer
123359318,ML Engineer / Computer Vision (Python)
123909003,ML-инженер
124014578,Motion Designer
124104813,ML-инженер (Middle)
121405599,Product/Data Analyst
123106439,Специалист по кадровому делопроизводству
123751026,Senior Data Analyst / BI Team Lead Remote
123437095,ML Engineer
123876236,"Middle Data Scientist, Отдел сопровождения проектов ИИ"
123857699,Руководитель проекта на РМО (внедроение ИИ-агентов в процессах)
124119074,Руководитель команды аналитиков (кластеризация магазинов)
123302703,"Data Scientist (Antifraud), г. Якутск"
121571713,"Старший Java разработчик, Оценка качества поиска"
123978470,Бизнес-аналитик (ООО Салют для бизнеса)
117835206,"Java разработчик, Поисковая платформа"
121947596,HR People Partner
121121460,Java Developer в команду рекомендательной системы
124114086,Старший BI-аналитик
122187315,AI-инженер
123042501,Prompt-инженер GigaChat
123591457,IT-рекрутер
120717740,Web Content Manager
123429004,DevOps-инженер
123907909,Middle Data Scientist (Search & Recommendation)
123207014,Prompt-инженер
123690671,Junior AI/ML engineer / Младший AI/ML инженер / разработчик
124063882,Руководитель отдела BI (Tech Lead)
123070284,Аккаунт-менеджер
123510157,Data Scientist (Middle+/Senior)
123517952,"ML-инженер (Classic ML, CVM)"
123316705,Data/BI Analyst
123385895,ML-engineer / NLP-инженер
123849954,Data Scientist (стажер)
124021444,AI Tech Lead | Архитектор AI‑решений
124067371,Data Scientist
123835498,Стажер Data Scientist (Корпоративные клиенты)
123901346,ML-инженер по нейросетям/ AI инженер
123693508,ML-инженер (Anti-Fraud)
123865271,Руководитель ИИ-проектов / AI Project Manager
124122217,ИТ-лидер команды
123122811,Стажер по проектам искусственного интеллекта (AI Research/Prompt Engineering)
123311776,"AI Engineer - AI model development, testing, optimization and edge deployment"
123633063,Специалист по цифровым технологиям аудита
124122579,Системный аналитик с ML
124019348,ML-инженер (рекомендательная система)
123191395,Senior Python разработчик
123089958,SQL-разработчик
123389821,AI инженер
123879265,Руководитель проектов ИИ и автоматизации
123982911,Data Scientist
124027541,Руководитель направления ИТ-аутстаффинга | Менеджер по развитию продаж ИТ-аутстаффинга
123092518,"Ведущий разработчик Java, Верхний мета-поиск"
123110060,ML - инженер
123643949,Data Scientist
124018011,Старший инженер по компьютерному зрению
123534467,Teamlead/Python разработчик
120376207,Machine Learning Engineer
123852065,Project Manager
123038022,ML-инженер
122384572,"Аналитик данных (рекомендательные системы, персонализация)"
114920771,"Аналитик данных, Реклама"
123103039,Количественный аналитик/трейдер
122985574,Системный администратор
122137273,Data Scientist
123520553,ML-инженер / Machine Learning Engineer (Middle)
124010721,"ML-инженер (search engine, NLP)"
123658335,ML-разработчик
123467239,Руководитель проектов
124000015,Старший разработчик по машинному обучению (Machine Learning)
123698760,Проджект менеджер (по развитию новых технологий)
124073670,Data Scientist
123143442,Data Scientist (Middle) / Специалист по машинному обучению и оптимизации
122274856,Системный аналитик СКП
124041383,Младший аккаунт менеджер
123327083,AI Engineer (Human-like Agent Development)
123327113,Junior Аnalytic
123418457,ML Engineer / Machine Learning Specialist
122943126,Бизнес-аналитик / Аналитик данных
123393842,Data Scientist (руководитель направления)
123945622,Middle ML engineer в KION [МТС Веб Сервисы]
124075118,Senior Product Manager (Портал «Рамблер»)
123699441,Data Scientist
120854537,Data analyst / Аналитик данных
122142051,Data Scientist / Machine Learning Engineer
123978078,Product Manager
124020397,Data analyst / Аналитик данных (ученик)
124026745,PreSale - Инженер Machine Learning / Бизнес - аналитик
123363429,ML-инженер (Фото/Видео обработка) Data Scientist
123060756,Junior/Middle Data Engineer
123141808,Data Analyst (Finance)
123592381,Инженер DevOps
123651307,Backend-разработчик Python (AI / RAG-системы)
123404982,PHP-программист Junior
123139978,Инженер по машинному обучению
123255675,"Data Scientist в стрим ""Виртуальные ассистенты"""
123473664,ML-инженер
123884700,Специалист по работе с исполнительным производством
124010123,Lead Speech & NLP Engineer (STT/TTS/LLM)
124015203,Senior Python Developer (AI)
123082726,Scala / Java Developer (middle)
122352501,Data Scientist
123464965,LLM Engineer \ ML инженер
123146833,Менеджер проектов в области искусственного интеллекта
123062841,Project manager по внутреннему контенту и аналитике
123978471,Руководитель проектов AI (ООО Салют для бизнеса)
123325683,"Специалист-консультант по искусственному интеллекту / ML Engineer (TensorFlow, YOLO)"
123727968,Аналитик/Специалист по цифровым технологиям аудита
122706057,Data Science специалист
123058441,Support manager
123288167,AI/ML-инженер (eCommerce / Retail Automation)
123959106,ML-разработчик компилятора нейронных сетей
123205744,ML-инженер
123421302,AI Engineer
123556128,Руководитель программ цифровой трансформации
122977848,Quantitative Researcher
123947926,Data Engineer
124129267,Data analyst / Аналитик данных (стажер)
123636980,Директор Центра Компетенции по разработке мультимодальных ИИ-решений
123213152,AI-Инженер
123976555,Senior AI Developer
123136106,"Principal Data Scientist, NLP"
123706442,ML-инженер / Machine Learning Engineer
123463613,Data Scientist / ML-инженер
123122926,Аналитик данных / Data Scientist в финтех-проект
123692913,Бизнес-аналитик (ИИ)
123748758,AI/ML инженер
123410978,Специалист по анализу данных/ Data Scientist
121273118,QA Manual/Ручной тестировщик
121654632,Главный аналитик по доходам
122849694,Data Scientist (LLM)
123154909,ML-инженер (RAG/LLM)
123734578,Аналитик перфоманс-маркетинга
123148677,Junior специалист по Data Science и машинному обучению (ML/AI)
123283259,C#/.NET-разработчик
123616839,Machine Learning Engineer
124022073,AI аналитик
122698902,Юрист (middle)
122867020,AI Product manager
123364974,Data Scientist
123810002,Главный аналитик в отдел обучения (HR)
122954324,Аналитик данных / Data analyst​​​​​​​
123429867,Business Analyst
123161612,Руководитель аналитического финансового блока / Lead Financial Analytics team
123364714,Chief Product Officer / CPO Gen AI
123009151,ML - Инженер (Python)
123256351,Data Analyst / Data Scientist
123431932,Менеджер по продажам (Hero’s Journey 4You)
123914025,Системный аналитик (Голос клиента)
123335959,ML Engineer / Computer Vision Middle / Senior
124112764,Эксперт по цифровым технологиям аудита кредитных операций
120985251,Главный аналитик направления (предиктивный анализ в производстве)
123454892,ML-инженер
123155838,IT-рекрутер
123421376,Data Engineer
123891136,Менеджер BI отчетности и баз данных / BI reporting & database manager
123431068,Prompt Engineer
123349752,Менеджер по развитию
123264523,Дата инженер / Аналитик данных
123715387,Lead AI Engineer / Technical Lead
123283405,"DS/ML инженер, Отдел разработки математических моделей и ERP систем, Ozon Fresh"
122942348,"Аналитик данных (отчетность, SQL)"
124013940,Data Engineer/Дата-инженер
123406931,ML-инженер
123601569,Product manager
122098808,Risk Data Scientist в отдел разработки скоринговых моделей
123016559,IT-рекрутер (middle)
123090189,BI разработчик
123513616,Prodact owner/manager/аналитик
123112864,Менеджер BI отчетности и баз данных
124022542,"Middle, ML-инженер CV, ML"
123981869,Руководитель направления монетизации
123074617,Go Developer в команду WARP
123189151,ML-инженер
119228144,React Developer
124103385,Ведущий специалист технической поддержки
123505274,Data Science / Machine Learning
121938830,Специалист по тендерам
123539513,ML ментор
122017766,Руководитель проектов (голосовой/чат бот)
123747689,Material Planner
123121801,"Data Инженер, Ozon Fresh"
124020430,UX/UI-дизайнер с опытом работы в AI-проектах
122431773,"Devops инженер, Группа Hadoop ops"
123872175,Middle AI Engineer (MLOps)
123196789,Investment Analyst
123538154,Главный специалист по отчетности и анализу (Аналитик)
123592215,ML-инженер
123957996,Главный аналитик Отдела моделирования и прогнозирования
123897977,"Senior Java Engineer (JavaSE, algorithms, optimization)"
124126221,Senior Data Scientist
123320348,Data Scientist
123614959,Руководитель проекта в области искусственного интеллекта (NLP)
123998297,Python-инженер под разработку сервисов с задатками ML
121278053,ML Engineer / Инженер машинного обучения
122951492,Data Scientist NLP Senior
123396044,Senior Product manager AI
123597775,ИТ-специалист (промышленное производство)
123198240,ML Engineer (Team Search)
123530141,Data Scientist NLP
123377889,Системный аналитик DWH
123669511,IT - Recruiter
123149461,Data Scientist риск-модели
123331986,Data Scientist
123160706,ML Data Scientist (Middle)
123842250,Data Scientist/python-разработчик
123101089,"Аналитик данных Junior (аккредитивы, эскроу)"
123661801,ML-инженер
123068810,Data scientist (Дирекция риск-моделирования)
123503806,Data Engineer
123075361,ML-cпециалист (Junior)
123600429,PHP разработчик backend (Junior+/Middle) в Офис
123842996,Lead/Senior ML Engineer (to Lisbon)
123674847,Data Scientist
123615879,Телемаркетолог (без поиска)
123972001,Специалист первой линии технической поддержки
123002077,ML Engineer
123390877,AI Product Visionary & Integrator
123314133,ML-инженер
118961722,Analyst / Аналитик
122258673,Аналитик клиентских данных
124026242,Chief Data Scientist
122368530,AI/LLM инженер
123156414,Медиа аналитик/Media Research Manager
123530013,Junior/Middle Data Scientist (команда Персонализации коммуникаций от потребности клиента)
123353997,Data Scientist (математик)
123458679,Стажер Data Scientist (ESG - риски)
123975455,Персональный врач семьи
123056401,Data scientist
123257651,Service Request и Delivery manager в команду ad-hoc аналитики
122833750,Junior Marketing Specialist (IT)
123908496,.NET FullStack Developer
123293031,Технический директор/CTO
123386494,Руководитель направления управленческой отчетности и МСФО
123462477,Специалист технической поддержки (Система ПРАНА)
124014739,Data Scientist
123000619,Data Engineer
124005514,ML-инженер (Аудио)
123691255,Product Manager (ML & AI)
123147315,ML-инженер / MLops для направления AI-контроля качества данных
121032246,"Старший Data Scientist, Картиночный поиск"
123988210,Senior Data Scientist
123596799,Портфельный управляющий
123362027,Data scientist (Исследователь данных)
123349899,Trainee Java Developer
123822508,Middle Backend Developer (NodeJS)
123600809,Product Owner / Product Manager (AI/ML Projects)
122100219,Специалист по кредитному контролю
123660989,Python-разработчик
121337429,Junior Agentic AI Engineer (AI Agents Developer)
123263389,Ведущий инженер по работе с данными
123465909,Product Owner
123912217,SMM-менеджер
123192681,Data Scientist
123395346,"Инженер по нейросетевым решениям, ML-инженер, Специалист по генеративным нейросетям, Разработчик ИИ"
123095458,Ведущий ML инженер
123454643,Юрисконсульт
123826456,Senior/Team Lead Data Scientist
117833070,ML-инженер
123496856,Ведущий специалист технической поддержки
123550080,Аналитик данных
123432388,"Старший Data Scientist, Логистика, Маршрутизатор"
123459842,Data Scientist (валидация моделей)
123564773,Data analytics lead
122064900,Эксперт по искусственному интеллекту
123157505,Руководитель разработки (Tech Lead)
124094302,R&D инженер
122866439,Data Engineer в международную компанию
124100325,"Engineer, Data & Analytics-II - Engineer, Data & Analytics - Senior (Data Scientist)"
123586757,Data Scientist (LLM)
122555420,Data Scientist
123073073,Data Scientist
123738485,Инженер-исследователь - Unreal Engine
123017830,Data Science Trainee
122837752,AI Data Analyst
123739874,"Middle Devops Engineer [MLOps Platform, МТС Веб Сервисы]"
119871389,Биоинформатик (тематика - онкология)
122821418,MLOps Engineer
123681284,Data Scientist / ML-специалист
123721830,Тимлид ИИ-проектов
122052448,ML-инженер (middle/middle+)
122820519,Middle Data Scientist
120771734,Data Scientist
123393352,"AI Engineer (AgriTech, (офис г. Москва м.Киевская/Сколково)"
123202836,Тестировщик 1С:Бухгалтерия
122340892,Resource Manager
123684125,Data Scientist
123918461,ML-инженер (портал Рамблер)
123216336,Middle ML engineer (Kandinsky)
123536833,Chief Product Officer (CPO)
123663100,Python Developer MLOps
122191698,Project coordinator
123160103,Product Manager (Разработка LLM-бота «МВС ИИ»)
123843946,Data analyst
124028537,RPA-разработчик
120639039,Ведущий специалист по качеству поиска
123459442,Специалист по кадрам
123440977,Технический писатель / Technical writer
123297250,Инженер по работе с данными (Data Scientist - Performance & Revenue Analytics)
122759153,Java developer
114564803,Финансовый аналитик
120806663,ML инженер (LLM)
123050677,Аналитик данных (Data analyst)
122093373,Java developer
122900649,Менеджер по подбору персонала / Рекрутер / Специалист по подбору персонала
123612746,Руководитель отдела казначейства
120596713,Data Scientist
124075305,Разработчик 1С: ERP УХ
122975963,ML-инженер
118869999,Data Analyst/Data Scientist в команду Внепродуктовой аналитики
122048502,Trainee Project Coordinator
123082689,Scala / Java Developer (senior)
122202530,AI Engineer
123749206,CX Data Аналитик
123965231,Программист-исследователь
123442259,AI / ML engineer
80321813,ML-инженер
124083776,AI Engineering Lead
123688195,Back-end разработчик (Python)
123467272,AI Engineer / ML Developer
123889835,ML engineer (GigaChat)
118121337,Менеджер по привлечению бизнеса
123671081,AI-инженер (разработка и внедрение AI-агентов)
123001234,Senior Python-разработчик / AI Engineer (разработка AI-агентов)
123701837,Data Scientist (STT-системы)
123204257,AI-инженер / Разработчик бизнес-автоматизаций (n8n)
123100142,Бизнес-аналитик (Северсталь Диджитал)
123816620,Инженер по нейросетям / ML-инженер
123335471,Аналитик данных в команду Интегрированного бизнес-планирования
123956901,Системный администратор сети (Дмитровское)
123916740,Senior Data Scientist / Machine Learning Engineer
123385258,Экономист по труду и расчету заработной платы
123264814,Разработчик Python + SQL СПР
124075286,Delivery Data Manager (Менеджер данных)
123507516,Middle ML-инженер
123609102,ML-инженер
122193417,Data Scientist / ML - инженер
123604004,ML Engineer
122711961,ML/CV Engineer
122367705,Специалист по информационной безопасности
122300574,Data scientist
123086357,AI инженер (LLM)
122520859,Data Engineer ML
123898438,DevOps (SL Soft AI) инженер
122942913,Промт-инженер / Promt Engineer
123471220,Аналитик ML
123297976,Data Scientist (Модели CRM)
123981866,Старший ML инженер (Python)
123157866,Эксперт отдела оптимизации и повышения эффективности (Управление стратегии)
123411573,Data Scientist / Исследователь данных
123937295,Руководитель проектов (DevRel/TechPR/Brand)
123714682,Product Manager AI
123858155,"Директор по стратегии Data Science (LLM, NLP, агенты)"
120121535,Ведущий инженер по разработке ML-моделей
123171633,Senior AI Engineer
124002923,ML Engineer
124099441,Senior DataScientist
124122188,Senior ML Engineer/ML Team Lead (CV)
123698005,Web QA Automation Engineer | Based in Almaty or open to relocate
122423928,Бизнес-аналитик
123308340,Старший исследователь ИИ-помощников и ассистентов (Лаборатория нейронаук и поведения человека)
121886416,Data Analyst / Аналитик данных
123451455,Data Scientist
123737120,Senior Data Scientist
123638467,Научный сотрудник / программист - математик / ML researcher / DL engineer
121996561,ML инженер (Early Drug Discovery)
123639704,Senior Java Developer
123337370,Senior Data Scientist/ML Engineer
123124474,Руководитель ML-команды
123664417,ML engineer
123917552,Разработчик AI-агентов (Исследования и AI)
123814457,Руководитель проектов ИИ
123704140,Специалист БКИ
123532736,Quantitative Researcher
123139461,Телемаркетолог
123335726,Data Engineer (Golang developer)
123604411,Аналитик
123717670,Team Lead Data Analytics
122697285,Менеджер по обработке данных (SPSS)
124022739,Руководитель программы по машинному зрению (Computer Vision Program Lead)
120685377,Python Developer
123495838,ML - инженер (СКАН)
123329615,GenAI Researcher
123529003,Data Engineer (Сербия)
123808078,Менеджер по чистоте и уюту
123257449,Tech Lead для стоматологического ПО
122968745,Data Scientist в команду автоматизации
122985801,Data Scientist
123214895,Head of sales SME | Руководитель отдела продаж МСБ
123063987,Data Analyst
123290453,Руководитель команды аналитиков (кластеризация магазинов)
122368380,ML-инженер (команда Рекомендаций)
122803671,Machine Learning Engineer / Инженер по Машинному Обучению (в офис)
123843186,Senior JavaScript разработчик
123571385,Юрисконсульт
122592133,"Python разработчик (Middle), Machine Learning"
122607286,Сетевой администратор
122638650,Data Scientist/ML-инженер (OCR)
123266574,ML-инженер
123516958,Эксперт по цифровому аудиту
121389302,ML Engineer
123039511,LLM Engineer / AI-инженер
123807810,Ведущий Data Scientist (Reinforcement Learning & Research)
123358107,Аналитик (анализ данных работы социально-кадровых центров)
122233457,"Data Engineer / Data scientist (NLP, LLM)"
122767276,Data Scientist / ML-инженер (Тераплан)
122854262,Python Developer (MLOps Team)
123151489,"Middle Data Scientist, RecSys, Ozon Банк"
123221926,Руководитель службы маркетинга в МегаФон Таджикистан
123496315,"Middle Python-разработчик (AI), команда Жизнь - Развитие продуктов"
122472728,Экономист
122991569,"ML/AI Engineer (LLM, внедрение AI-агентов, RAG)"
123534526,Senior Data Scientist (NLP) в Автоматизацию коммуникаций
122959355,Senior Data Engineer
123371289,Руководитель административно-хозяйственного отдела
123396988,Middle Computer Vision Engineer
120513692,ML - инженер
122257039,Системный аналитик в направление ML
119782956,Специалист по обработке персональных данных
124029588,Tech Lead ML платформы
122572804,Главный бухгалтер
123885897,Исследователь данных (Data Scientist)
123919034,Data Scientist (Блок Финансы)
123865310,Главный специалист по экономическому анализу проекта
123142821,Data Scientist (ML/LLM)
122957114,Full Stack Developer
123563453,DevOps Engineer
123698284,CTO - Стартап в области безопасности пользователей на базе ИИ
121591197,Data Science (LLM/NLP)
123298542,ML Инженер / Инженер по машинному обучению
123076390,Product manager AI
123322392,Руководитель управления аналитики данных и автоматизации бизнес-процессов
123037258,Стажёр-аналитик (Цифровизация планирования продаж и операций)
123485615,Prompt-инженер GigaChat
123451685,Delphi Developer
123463630,Руководитель направления покрытия процессами ИИ
122763660,ML-инженер
123437006,Лоу-код разработчик на платформе Tibbo AggreGate
123841165,Account Manager
121133960,"Старший Data Scientist, Формирование лент"
123640777,Middle Data Scientist
117090374,Senior Project Manager
123874025,Senior Data Scientist / Инженер машинного обучения в команду моделей для логистики
121151595,Data Scientist
123636341,Руководитель проектов по внедрению искусственного интеллекта
124121934,Technical Product Owner (команда GigaCode)
123613102,Data Scientist
121474009,Советник по внедрению искусственного интеллекта ( ML AI )
123427004,Data Engineer
123763781,ML Engineer
123504415,Middle ML Engineer
119285738,QA Engineer
123668572,Аналитик видеоконтента
122989466,RAG-Engineer (MWS AI)
123604644,ML-инженер (машинное обучение)
120338679,ML Engineer / ML инженер
123435105,Middle Data Scientist разработчик NLP/OCR/CV/Audio
123533598,NodeJS Backend Разработчик Middle
122610416,Data Scientist в кредитные риски
123315515,"Координатор it проектов в центр Big Data [Big Data, МТС Веб Сервисы]"
124084814,Сервисный аналитик (AI-сервисы)
123078214,ML engineer
124094144,Эксперт в сектор управления кредитными рисками
123802895,Продуктовый аналитик в маркетинговое направление
120240958,Data Scientist/Дата-сайентист
122478927,IT Recruiter
123874751,Middle Data Scientits
123611830,NLP Engineer (Data Science)
123007040,Преподаватель по Data Science
123078511,Data Scientist
123926072,"С++ Программист (ML Engineer / Data Scientist, видеоаналитик)"
123254777,DevOps/SRE Engineer
123114083,Стажер-аналитик по календарно-сетевому планированию (г. Казань)
123710175,Специалист машинного обучения (Middle ML engineer)
123906026,Team Lead Data Analytics
121025987,Специалист по работе с исполнительным производством
122234457,Системный аналитик
122199850,Data Scientist/ML Engineer
122954318,Senior / Middle Data Scientist в стрим моделирования R'n'D
123260205,Руководитель направления машинного обучения
123673238,Data Scientist
122716928,Middle+ / Senior ML-инженер
121552329,Data Scientist (Продукты на данных.Модели)
122133649,"Директор по развитию бизнеса / BDM (BI,Data Governance, Data Quality, Big Data,Machine Learning)"
122911176,Аналитик автоматизации бизнес-процессов
123463936,Инфраструктурный Linux инженер
123846569,Data Scientist (Моделирование рисков корпоративного кредитования)
122256241,ML-инженер
124022441,Senior Data Scientist
123507416,Middle LLM Researcher / Middle АИ исследователь
123161766,Data analyst / Data scientist
123644060,Инженер по машинному обучению (ML Engineer)
117432727,Бизнес-аналитик (финмоделирование)
122712659,Senior Golang Developer
123039111,Middle Data Engineer
123433013,Data Scientist / CV Researcher
123801379,"Senior ML-engineer, NLP в техподдержке"
122988806,Менеджер по развитию HR бренда и PR в IT-компанию
123091496,ML engineer
124108202,"Старший Data Scientist, Рекомендации и персонализация"
122582311,"Старший аналитик-разработчик, Аналитика поиска"
123605151,Менеджер по продвижению комплексных ит-продуктов
123121797,"Старший Data Инженер, Ozon Fresh, группа товародвижения"
123317099,Специалист технической поддержки (1C:ШР)
123964953,Руководитель группы продуктовых сценариев
122612457,Инженер-программист С++
123663471,Ведущий ML-программист (FMCG/Retail)
123087388,Менеджер направления организации кампаний продаж
121692667,Ведущий аналитик DWH + ML инженер
122959934,BI - разработчик
120956505,Аналитик данных
122955976,Python Developer (Data Team)
121726560,"Старший Data Scientist, Ранжирование"
112852766,"Старший Data Scientist, Факторы ранжирования"
122976603,ML/DS Engineer
123192899,Продуктовый/Data аналитик (GigaChat Data Alignment)
122255538,Data Engineer направления разработки витрин данных
123689610,Product Owner AI Copilot (Information Security)
123724620,Ведущий специалист по цифровым технологиям аудита
122783446,Product Owner / Руководитель направления «Каталог данных»
122973585,Продуктовый дизайнер для развития персонализации в 2ГИС / Senior Product designer/
123160666,Junior Financial Analyst
123215278,Менеджер взаимодействия на рынках капитала
123144449,Data аналитик
123714734,Руководитель отдела аналитики (Телеком)
122277014,"SD Map Editor, Data Enrichment"
123194972,Руководитель проектов ИИ
123877405,Ведущий специалист по технической поддержке
123359627,Data scientist (Computer vision)
120387152,Data Engineer
123758859,Офис-менеджер
123157611,Data scientist (Центр модельных рисков розничного бизнеса)
123216749,ML Engineer (International AI Brand)
123712396,"Руководитель группы моделирования продуктов B2B, Ozon Банк"
120508868,Digital-Маркетолог
120812997,Главный специалист по защите информации
121842691,Программист (ML-разработчик)
123205401,Data Scientist (LLM)
123826759,"Эксперт/Senior эксперт Продвинутая аналитика и моделирование (Data Scientist, ML-инженер)"
122837835,LLM/ML Engineer
123624067,Руководитель направления AI Engineering / Team Lead
122761351,ML Engineer (Code Assistant ML RnD)
123152613,Team Lead Data Scientist
123136107,"Middle Data Scientist, NLP"
123121572,FullStack TeamLead
123600743,Head of Data Science (fintech)
123063138,Data Scientist (СберТаргет)
123585903,Биоинформатик (middle)
118660090,Trainee React developer
121161862,Руководитель IT проектов
123355243,Junior Machine learning/Data scientist engineer (ML/DS engineer)
122712312,ML Team Lead
123504605,Technical product manager в команду IDP GigaSearch
123548343,ML Engineer (Middle+)
124019971,TeamLead Python/Go (команда бэкенда платформы A/B‑экспериментов)
123600576,"Middle ML engineer в Платформу поиска и рекомендаций [Big Data, МТС Веб Сервисы]"
123617386,Product Manager
123539065,CTO / Head of AI
123642858,Специалист администрирования сделок
123849268,BI Data Engineer
120071990,Middle Go(Golang) Backend-разработчик
123594756,Data analyst (BI аналитик)
122763894,Data Engineer(ККММД)
123378377,Руководитель административно-хозяйственного отдела
123589310,Senior QA Engineer Data Science Team
116814633,Инженер-нефтяник
123256305,Консультант 1С Senior
121562552,PHP Developer
123694055,Data Scientist
123697291,Data scientist/researcher (Сбер)
121889881,Lead Python developer
122711533,С++ Developer
123316547,Ведущий специалист по капитальным вложениям
119842731,Data Engineer
122428340,Data-аналитик
123697442,Руководитель отдела R&D
122152542,Преподаватель в области Data Science и искусственного интеллекта
120211495,Портфельный риск-менеджер
121742689,Старший аналитик Управления портфельного менеджмента
123255578,Blockchain Expert (Backend Developer)
123739627,Senior/Lead ML Engineer [CICADA8]
124029586,MLops (ML Inference Engineer)
124125549,Data Scientist (Блок Финансы)
123310182,Data Scientist (NLP)
122623897,Business / System Analyst (Fintech)
122254541,Team Lead MLOps
122711824,RL Engineer
123396017,AI/ML Инженер
123156819,Product Manager FingerPrint
123815261,ML-Инженер высокоавтоматизированных транспортных средств
120186891,Java developer
123847401,Middle AI Engineer
123310043,Machine Learning Engineer в AI VK
123485335,Data-scientist
123227899,Портфельный аналитик
121859901,Специалист по цифровым технологиям аудита
122632791,Ведущий аналитик бренда одежды (маркетплейсы)
123808528,MLOps инженер
123858033,Team Lead DS NLP
123503621,ML Engineer
115082728,Lead Java Developer
123658870,Release Manager в команду IDP GigaSearch
123765296,ML Engineer / Инженер машинного обучения
123997698,C++ Engineer в задачах ИИ
123456244,Data Scientist
122931939,"Директор по данным CDO (необанк, международный проект)"
121438332,Аналитик маркетинга / Marketing Analyst (в составе Data Team)
122337502,Senior ML Engineer (GigaPlatform Audio)
122956695,Data Engineer
123395105,Machine Learning engineer (Python)
121392934,Data Scientist
123750601,Marketing Intelligence Analyst
122000776,Deep Learning Engineer / Researcher
121066495,Системный аналитик 1С
123625891,Data Scientist (Middle)
121201437,Data steward (Data governance)
124112140,Learning Program Coordinator
121071193,"Старший Data Scientist, RND проекты поиска"
120382236,ML-инженер
123060968,"Старший Data Scientist, Отбор кандидатов"
122361725,Ведущий инженер конструкций железобетонных
123418807,Middle Data Engineer
121456351,Data Scientist (Риски)
120648181,SRE/Monitoring
123336046,Ведущий специалист по NLP/LLM - Data Scientist
123205449,Data Scientist (Блок Финансы)
123423550,"Senior Java Engineer (JavaSE, algorithms, optimization)"
123508355,Руководитель направления организации производственных процессов
123764040,Operations Manager - AI Solutions Company
123802536,Менеджер процессов ITSM
118570341,ML-инженер
118916097,"Старший Data Scientist, Построение запросов"
122221910,Инженер по внедрению AI и разработке чат-ботов
123868910,Менеджер радио планирования
123149051,Middle Machine Learning Engineer
123808776,Machine Learning Engineer в группу контекстных рекомендаций в VK Видео
124119963,Data Scientist (команда ранжирования)
123088476,Mid‑Level Machine Learning Engineer
122533981,ML Engineer (AI Tools for Code Refactoring — ML RnD) в команду Техплатформы
115496430,"Старший Data Scientist, Эффективность рекламы"
122190518,Go Developer
123386348,Data scientist (LLM)
122126592,Специалист по цифровым технологиям аудита
123335514,ML Engineer / Data Scientist (Search & Recommendations)
123227659,Инженер-разработчик C++
123301415,Data Scientist (ПВР)
123959493,Senior ML-инженер (NLP/LLM)
121928108,"QA engineer (web3, blockchain)"
123728907,Data Scientist / ML Engineer
123496642,"Middle ML-инженер AI-агентов, команда Жизнь - Развитие продуктов"
119292610,ML-инженер в Центр технологий искусственного интеллекта
123553761,Middle AI Engineer в команду AI Automation [MWS Cloud Platform]
107531171,"Middle +/ Senior Data Scientist (AdTech, предсказательные модели) (офис)"
122562493,Архитектор НСИ / Data Science
122697509,Data Scientist
123712964,Инженер технической поддержки
123283263,Менеджер продукта
123727969,Эксперт по цифровым технологиям аудита
123936243,Менеджер DevRel (ML Stream)
123119920,Сhief Data Officer / Директор по данным и аналитике
123198458,Менеджер по продажам (IT решения)
124095318,Senior Data Scientist (Корпоративные клиенты)
122172865,Middle Android Developer
120321719,ML-инженер
121820945,Node Developer
123649940,Middle+/Senior Data Scientist (Прогноз спроса)
123441717,Data Scientist/Data Analyst (unit DATA)
123543807,Менеджер по повышению операционной эффективности
123138022,Node.js Developer
122865136,Middle DevOps Engineer
123646958,NLP инженер– AI-агент для обзора научной литературы
123457236,"Data Scientist, Группа анализа и валидации экспериментов"
117769325,Software Sales Manager
120852100,Data Scientist
122971738,Cпециалист по планированию реализации нефтепродуктов
123576822,Trainee/Python Developer in Odoo
117203055,Методист образовательных программ по ИТ и ИИ
123588309,Senior Data Scientist / Дата-сайентист
123704049,Junior Software Engineer (Ruby)
117823993,Разработчик баз данных (MS SQL)
122637647,Data scientist/ML-инженер
123952261,Team Lead Data Analytics
123397410,MLOps специалист
123604175,Android Developer
123660309,AQA Python / Автотестировщик (Neuro UI)
123543797,Менеджер по развитию
123907380,Data Scientist (Блок Финансы)
123459803,Главный специалист по сопровождению АБС (ЦФТ)
122987132,Middle/Senior Recommender System Researcher
122153785,Data science / Руководитель направления моделирования (скоринг)
123113547,"ML-инженер (Middle), страхование"
123674800,Архитектор ИИ-агентов | AI Agent Architect – Industrial AI Systems
122944480,Machine Learning Engineer/MLOps
123738984,Python разработчик (MLOps) / Инженер поддержки ML-систем
122852816,Business Analyst (со знанием итальянского языка)
123602635,Data Engineer
123191356,Data Scientist (Управление моделирования и исследования данных)
123349126,Senior Data Scientist (Исследования и аналитика)
122133057,SAP Consultant
123021519,Аналитик кредитных рисков
120891391,Главный аналитик по решениям в области искусственного интеллекта
121844227,Data Science (Финансовый инжиниринг)
123044431,Руководитель проектов (BI-DWH)
122595010,"Data Scientist (Senior), страхование"
123044179,Go-разработчик | Senior Go Developer (to Cyprus)
123108368,Дежурный Linux администратор
123528244,Data Science специалист
122953697,ML-инженер (рекомендательная система)
123414966,Data science
122521504,Trainee JS developer
122957585,Middle/Senior Data Scientist (Sber AI)
122521498,Trainee/Hardware developer
123227605,Инженер-разработчик C++/Qt
122025135,Senior Media Research Manager/Старший Медиа аналитик
122837275,Руководитель IT проектов
123319106,Quantitative Machine Learning Analyst в хедж-фонд vlg.digital
121830355,Стажер аналитик в Отдел розничных рисков
122467793,ML-инженер (Исследования и AI)
123183021,Инженер машинного обучения (ML-инженер)
123944977,Старший консультант (Retail & E-commerce)
120338693,ML Engineer / ML инженер
120221585,DevOps Engineer
122535412,"Data Scientist, Маркетплейс, Антифрод"
121806820,"ML Engineer (""Search"")"
122293781,ИТ-Лидер команды (Внедрение ML решений)
122495259,"Data Scientist (Python, Hadoop, MLFlow, ETL)"
119397195,ML Engineer/Data Scientist на продукт Ценообразование
123679426,DS/ML инженер/AI/AI-agent developer (Python)
117833093,ML-инженер
122893058,Data Scientist (Marketing Mix Modeling)
123332378,Data Scientist (ML Research)
123717923,Начальник отдела диагностики клиентского опыта (CX)
123121184,ML-engineer (GigaChat Alignment)
123258756,Senior ML Engineer (RecSys)
122214515,Senior ML-engineer (Центр Квантовых технологий)
123306474,Senior/Lead Data Engineer
123448954,Корпоративный архитектор (ИТ)
123612376,Data Scientist (NLP)
123101921,Data Scientist (Middle+)
123623443,Senior Data Engineer
119032798,Специалист в отдел сбытовой стратегии
122994953,PLC Engineer
120345561,GRC Specialist
123051512,Data Scientist (RecSys)
119731671,Главный специалист по менеджменту инцидентов ИБ
123404335,Специалист первой линии технической поддержки
123060816,Ведущий Data Scientist (BI-аналитик)
123210874,NLP Engineer LLM
123730404,AI Data Group Lead
123945581,Middle Fullstack ML Engineer (GigaChat Audio распознавание речи)
124011425,Middle+ Data Scientist (Сегментатор)
124023352,ML инженер (Развитие агентности в Core LLM)
123326797,Senior/Lead Backend engineer with AI
123704117,AQA Python / Автотестировщик
120221708,Network Engineer
123166654,Senior Machine Learning (NLP) инженер в QuantumSoft (локация: вне РФ и РБ)
122540886,Руководитель команды prompt-инженеров GigaChat
123092510,Delivery manager
122989572,Middle Data Science
121720273,ML-инженер
122565620,Data Scientist
122998566,Data scientist Time series (Middle/Middle+)
123710174,Специалист машинного обучения (Middle ML engineer)
122837800,Data Scientist (ML/AI)
123187820,Senior ML engineer / Data Scientist
123890439,Lead Data Scientist (Исследования и аналитика)
123533394,Python Developer GenAI Team
123150495,Бизнес-аналитик (Мобайл Аналитика)
123599385,"Аналитик-разработчик (PySpark, Power BI, MS Azure)"
123345099,Engineering Manager в сервис Data Science
123425314,Senior CLTV Analyst / Аналитик данных
123467576,Лидер по разработке Auto ML платформы для алгоритмического трейдинга
123685784,Руководитель группы рекомендаций авторов ВКонтакте
124006825,Team Lead Data Science (Antifraud)
115553042,Data Scientist NLP (senior)
123952422,"Функциональный архитектор 1С/Руководитель функциональной группы (Казначейство, Бюджетирование)"
123259583,Java lead
123328860,Ведущий специалист МСФО и управленской отчетности
122950019,Аналитик КХД/DWH
123035978,Специалист по цифровым технологиям аудита
123318189,ML-инженер (команда SmartSupport.AI)
109157658,Middle С# .NET
119787819,ML-инженер в команду внедрения LLM-агентов
120811542,Специалист по углубленной аналитике данных (Data scientist)
123705620,"Senior Backend Python Developer (LLM, AI)"
123123316,AI Engineer / LLM‑Engineer / Dubai
123918340,Technical Solutions Engineer
120572301,Junior/Middle C++ Developer
123138863,Data scientist (Валидация/мониторинг моделей оценки кредитных рисков розничного бизнеса)
123430001,Cybersecurity analyst
124018304,Team Lead​​​​​​​ Data Scientist (Search & Recommendation)
122680600,"Python разработчик (Middle+), Machine Learning"
123069488,Ассистент отдела сопровождения проектов
123672174,Системный аналитик \ офис в Ташкенте
124071826,ML-engineer (LLM и с мультимодальными моделями) в GigaChat
123704254,Руководитель направления 1C:ERP
119308143,Search Quality Improvement Lead
123115767,Middle/Senior ML-инженер по обработке естественного языка (NLP+LLM)
120806493,Ведущий разработчик Python (ML)
123538259,Главный специалист по эффективности бизнеса
124029591,Lead MLE/Data Scientist
121963158,Junior/ Middle Data Engineer
123098579,ML-engineer (GigaChat Data Alignment)
123051944,Business Analyst (домен: Страхование)
121579131,Machine Learning engineer (Python/предиктивное моделирование)
123693196,Data/MLOps engineer
123692754,Ведущий специалист группы поддержки рабочих мест
122712824,CIO (Chief Infrastructure Officer)
123113097,ML-engineer (GigaChat Data)
122481294,"Lead AI Engineer (Agentic AI, LangChain, Python)"
117090633,Senior/Lead QA Auto
122050087,Инженер-аналитик (Data Science - NLP/LLMs)
123497888,Senior Gen AI Engineer
123145160,Middle/Senior Data Scientist NLP/LLM (команда Развитие клиентского опыта)
123186840,Senior Applied AI Engineer
123845560,Эксперт/Senior эксперт Продвинутая аналитика и моделирование (Data Scientist/ML-инженер)
122521476,Trainee Embedded developer
123435403,Middle ML Engineer (Computer Operator)
123915452,Консультант 1С РСБУ
123671406,"Middle Data Scientist в команду ""Разработка AI-решений БСР"""
120862080,Data Scientist (риски)
123070068,Менеджер по работе с корпоративными клиентами
122114714,Эксперт/Senior эксперт Ценовой центр (Data Scientist)
122222139,TeamLead (Python/Go)
123227670,Инженер-разработчик C++
123637824,Директор департамента факторинга
119374663,Vue Developer
123354331,Data Scientist (LLM)
122222204,Data Security AI/ML Engineer
123576820,Trainee DevOps Engineer
115789030,ML Engineer
118830824,Middle/ Senior Data Engineer
123154804,Middle специалист по Data Science и машинному обучению (ML/AI)
124005887,Senior Data Scientist anti-fraud
123762464,"Data Scientist в Департамент ""Занять и сберегать"""
117090824,NLP engineer
122958092,DevOps-инженер
122799817,Главный Эксперт по сопровождению риск-моделей
122489375,Финансовый бизнес-партнер
123292448,DevOps инженер (мидл/синьор)
123406975,Специалист по цифровым технологиям аудита
123626974,Team Lead ML (B2B AI-продукты)
122967789,Senior MLE
123051088,C++ инженер поддержки (MetaTrader 4/5)
123405265,Data Scientist (NLP)
123407966,Risk Data Scientist в команду ПВР
122947930,Data Scientist (Юр.лица)
123167287,"Senior Analyst (Data & Financial Research) | Blockchain, ML, Web3"
123354819,Middle/Senior Machine learning/Data scientist engineer (ML/DS engineer)
123196659,ML/AI Engineer
122978746,Opportunity Handler and Risk Reduction Engineer
121697596,Senior\Lead Data Scientist (LLM) / Ведущий специалист по данным
123573215,Старший портфельный риск-менеджер (розничный бизнес)
120042896,Data Scientist
120018011,"Senior аналитик (web, медиа)"
123591106,Data scientist (Управление рисками корпоративных клиентов)
123636562,Data Scientist (Цифровой кредитный процесс)
124052138,DevOps Engineer (Intelligent Document Processing)
120237351,.NET FullStack Developer
115780556,QA Automation Engineer (Javascript)
121469475,Senior data engineer
122691014,Ведущий аналитик бренда одежды (маркетплейсы)
105817972,"Старший разработчик Go, Рантайм рекомендаций"
123160395,Team Lead Data Scientist в Страхование
123509159,"Главный специалист по проектированию разделов ""Сети связи"" и ""Пожарная сигнализация"""
123815070,Team Lead Data Scientist
123385713,Senior Data Scientist
122939882,Lead Generation Specialist
123658122,Data Scientist Team Lead
123301410,Руководитель группы управления данными
123346460,Специалист отдела организации и оказания медицинской помощи с применением телемедицинских технологий
121374575,Senior Data Analyst / Старший эксперт по анализу данных
123453184,Business Analyst (Energy domain expertise)
117217097,Руководитель службы эксплуатации базовых сервисов
122299670,Менеджер NodeJS (с совмещением инженерных задач)
122346894,Инженер-программист робототехнических систем
123158434,Технический консультант (Data Science)
123703008,ML Ops инженер
123900531,MLOps инженер в команду Data/ML
123183538,Старший инженер машинного обучения (ML-инженер)
123308419,Senior Data Scientist (Центр практического ИИ)
121123758,Data Scientist/ ML Engineer на Интеллектуальную платформу коммуникации
123216198,Marketing Analyst
123322785,ML Engeneer (MLOps)
124084327,Data Scientist Audio (RnD)
123360522,Delivery Manager 1C
120855552,Data Scientist middle/senior
121408650,Middle Data Scientist (Центр розничного риск-моделирования)
111241834,QA Engineer со знанием немецкого языка
121955671,Senior ML-engineer (GigaChat Data Alignment)
122209183,Senior ML Engineer (TTS Text-to-speech)
118354543,ML-инженер в Центр технологий искусственного интеллекта
120124888,DevOps-инженер | DevOps Engineer (to Cyprus)
122989833,Главный специалист по сопровождению АБС (ЦФТ)
123688654,Trainee .NET MAUI developer (Mobile)
123227615,Инженер-разработчик C++/Qt
122540591,"Руководитель группы Data Science, AI поисковый ассистент"
123523776,Database Administrator (DBA)
122620503,Data Scientist в команду антифрода
122958109,Инженер SRE
121805042,Инженер-проектировщик АСУ ТП (нефтебазы)
123667995,Ведущий специалист по эксплуатации информационных систем
107412663,Team lead ML RecSys
123653435,ML - engineer (Team Lead)
123725002,Senior ML-специалист (Machine Learning)
122761672,ML Engineer (Anomaly Detection RnD)
121181219,Старший аналитик (data analyst / data scientist)в управление планирования и прогнозирования
123470133,Senior LLM Researcher / Старший АИ исследователь
122833693,Prompt-инженер GigaChat
123687917,"Менеджер по продажам / Sales Manager (IT, Россия/СНГ, B2B)"
124083817,Senior/Middle Data Scientist (LTM в корпоративном риск-моделировании)
122002227,Product lead (Revenue)
123328964,Data Scientist
123737073,Менеджер по продажам IT-услуг
123095602,Data Scientist NLP (Центр модельных рисков розничного бизнеса)
123308573,Senior Data Scientist
123104375,Ведущий специалист (DATA SCIENCE)
123157536,QA Engineer (Mobile)
122985921,Руководитель службы эксплуатации ИТ инфраструктуры (в г. Томск)
123623847,Senior Data Scientist
123694212,ML-инженер в области Generative CV
122480817,Senior Data Scientist (Risk-Based Pricing)
123120030,Портфельный кредитный риск-менеджер (розница)
123944761,Аналитик DWH на продукты AI/ML
123464244,Linux инженер в команду платформы
123063265,Технический менеджер проектов YTsaurus (разработка ML Platform)
121629123,Проджект-менеджер / Системный-аналитик в ИТ-продукт
122191325,Senior ML Platform Engineer
121208221,PHP (Shopware) developer
123704243,Руководитель технической поддержки проектов 1C
123206559,Проектный менеджер информационных систем (АПК «Open Almaty»)
120819857,Python ML/AI Engineer
122270606,Project Manager
122592646,"Python разработчик (Senior), Machine Learning"
121880339,Machine Learning Team Lead
123310082,Machine Learning Engineer в команду anti-DDoS
123523998,ML Engineer (Python Developer)
123646253,Специалист по эмиссионному антифроду
123820109,Senior Data Scientist в Безопасность бэк-офиса [Trust and Safety]
123162673,Data scientist Middle+
121070428,Technical Lead
121268709,Business Analyst (со знанием испанского языка)
123164583,"ML инженер Data scientist Отдел сопровождения решений по цифровизации, автоматизации"
123758104,"Ведущий Data Scientist, Инструменты сбора данных из открытых источников"
123151671,"Senior Data Scientist, RecSys, Ozon Банк"
123909162,Senior Data Scientist (Центр портфельного риск-моделирования)
123616696,Senior Data Scientist LLM/ Ведущий специалист по данным
123965872,Руководитель команды синтеза речи и улучшения звука
123671582,"Senior NLP Engineer / NLP Data Scientist (LLM, GigaChat)"
123602091,DA|DevOps специалист
119316957,Middle/Senior Machine learning/Data scientist engineer (ML/DS engineer)
121419354,Junior/ Middle Data Engineer
118299922,Solidity Developer
123645933,Аналитик-исследователь пассажиропотоков
123132985,Data scientist
123414725,Мобильный разработчик (Flutter)
123333377,Senior Antifraud Data & Process Analyst
123802547,Data Scientist / Ведущий консультант ML / ML Engineer
123909110,Middle+/Senior Data Scientist (Забота о клиентах)
119090009,Senior Data Scientist LLM
122175478,Data Scientist (Ranking&Search)
122940905,"ML-инженер GPT, LLM"
120242524,Специалист по эксплуатации АЗС
123531215,"Руководитель подгруппы Go, История пользователя"
123764010,Ассистент онлайн-курсов по программированию и data science
121233440,ML инженер
122211164,Data Engineer (в Тбилиси)
123635148,Data Scientist в информационной безопасности
123700785,Senior data science/engineer (риск-моделирование)
122145433,"Руководитель группы Data Science, Картиночный поиск"
123579337,React Native developer
121204290,PHP (Drupal) Developer
123267352,Trainee/React Native developer (со знанием немецкого языка)
115397207,"Старший Data Scientist, Рекламный аукцион и управление ставками"
123845481,Data Scientist (СберБизнес)
120490581,Database Administrator
122975380,Data Scientist в команду Data Monetization
123119358,Prompt-инженер GigaChat
121926247,Data Science (NLP)
123953876,Team Lead MLops
123602869,ML Engineer
123028979,"Sales Manager (custom software development, USA/Europe)"
123810982,Junior+/Middle Embedded Linux Developer
121814935,Lead Data Science
122969562,Middle/Senior NLP Data Scientist (Global Markets)
123311620,Senior Deep Learning Engineer в Recsys Lab
120264080,Business Analyst (IoT domain)
122231580,Senior Data Scientist в Департамент кредитных рисков
123293455,Руководитель отдела R&D
122877780,Business Development Manager 1C
119281333,Middle+/Senior С# .NET
123752814,Senior Backend Developer (Python) | Based in Almaty or open to relocate
122008371,Главный специалист управления офис данных (Data Scientist)
122781048,Data Scientist (Корпоративные клиенты)
123427902,Руководитель направления по методологии капитального строительства
123215867,Разработчик ИИ-решений управления технологическими рисками
123405497,Data Scientist ( направление скоринга )
121651678,Data Science (Разработка моделей КИБ и СМБ)
123334959,Data Scientist NLP (Senior)
123703509,IOS-разработчик (Middle)
120371820,Data Scientist в команду Пополнения
123617775,ML-разработчик в команду лояльности Плюса
123692150,ATL Marketing Lead
123418487,Senior Data Engineer
120238965,Менеджер по привлечению бизнеса
122985553,"Senior Copywriter – IT, English"
122085937,User Acquisition Manager
119731668,Lead AI Engineer / Data Scientist
123617011,Python/ ML архитектор
123594514,Data Scientist (Senior)
123047178,Преподаватель курсов в сфере IT
123954675,Senior Data Scientist (Корпоративные финансы)
121443302,QA Automation Engineer (Python)
123316702,DevOps Engineer (DataSoft)
123643626,ML Engineer в команду Вторички
123842302,Data Science (наставник курса)
121769469,Ведущий Data Scientist /Руководитель команды Ad-Hoc аналитики
123708872,Data Scientist/ML Engineer
123815791,Senior ML Engineer (Multimodal LLM/Video Understanding)
122988973,ML инженер с опытом создания 3D моделей в строительстве
122425856,Security QA Engineer (Penetration Testing Focus)
123528201,Senior Data Scientist в Товарные рекомендации
123530358,Python Developer (Data Science)
123730691,Senior Data Scientist
123092387,Delivery Manager (e-commerce)
123091876,Power Platform Developer
123180864,SAP BPC Solution Architect
118970102,Machine Learning/Computer Vision Engineer
123211600,"Product Lead (OfferWalls, AI)"
123601997,ML-инженер (Аудио)
123023939,ML-инженер (Направление клиентского сервиса)
123607614,Tech lead (команда Gigachat Data)
122571748,Инженер АСУ ТП
122837571,Senior ML Engineer (Promo)
123635453,Machine Learning Engineer в ИБ
122525914,Data Engineer со знанием итальянского языка
123418108,Старший разработчик ML Training Platform в AI VK
123155423,Lead AI Engineer
123203231,Архитектор данных (Data Architect)
123503751,Lead Presale Engineer
115686919,Главный специалист управления офис данных (Data Scientist) (для кандидатов с группой инвалидности)
123115821,SharePoint Developer
123457171,Senior Data Engineer
121341339,Lead Golang developer
123023158,SRE-инженер | SRE (Cloud Engineer)
123966176,Руководитель группы качества ранжирования клипов
122376287,ML Engineer (C++)
120371194,Team Lead Data Science в команду Прогноза промо-продаж
123693709,Product Analyst / Продуктовый аналитик
121424610,Tech Lead Gen AI (MWS AI)
123327720,Senior ML Engineer
123265991,Trainee/Flutter Developer (со знанием немецкого языка)
123451035,Software Engineer – 3D Content & ML Platform
121427178,Data Scientist NLP
123349866,AI Solution Architect
118243287,Trainee Solidity Developer
121463400,Trainee Embedded developer
121806344,Data scientist
122079709,Python Developer MLOps
120371131,Middle/Senior Data Scientist / ML Engineer в команду Прогноза промо-продаж
123416345,MS Dynamics Navision/Business Central Functional Consultant
122975690,Data Scientist в команду антифрода
121939302,MLSecOps engineer
123144249,Data Architect
123499508,Преподаватель IT
122335895,Data Scientist (A/B Platform)
122832033,Tech Lead — LLM Evaluation
122273147,Project Manager (со знанием немецкого языка)
123637676,Project Manager (со знанием польского языка)
120625170,Ведущий инженер-аналитик (MLOps)
123623536,Senior ML Engineer
123127018,Заместитель начальника отдела анализа и методологии рисков с навыками программирования
122591947,Риск-менеджер в Отдел валидации моделей некредитного риска
122949075,ML ENGINEER (Speech)
122192920,Преподаватель по машинному обучению
123530479,Senior Data Scientist
122301729,Senior ML-engineer/MLOps
122075535,Технический лидер (AI Team Lead)
122295484,Data Engineer (со знанием немецкого языка)
122901100,Tech Lead Data Scientist (Цифровой двойник)
123362952,Руководитель группы аналитики 1С
123063064,Team Lead Data Scientist
121254273,ML разработчик
123945588,Senior ML Engineer (TTS Text-to-speech)
120373276,Senior Data scientist / Старший эконометрист
123711020,MLOps Engineer/MLOps-Инженер
123706541,Senior Data Scientist (Causal AI)
123688495,MLOps Engineer
103575683,Senior С# .NET
123260626,IOS-разработчик (со знанием немецкого языка)
123945449,Senior / Lead Machine Learning Engineer (GigaChat Audio - Spotter)
121038761,Azure Senior AI Engineer / Architect
122563987,Lead Data Scientist/Руководитель направления (NLP)
120811282,ML Lead
123308910,Senior MLOps
122362436,Middle ML Engineer
122625450,Team Lead Data Scientist
124077662,Senior ML-инженер (LLM и речевые технологии)
122483111,ServiceNow Developer
124010022,Преподаватель онлайн курсов/Data Science/ML-инженер
123685145,Trainee React Native developer
123831710,Senior ML Engineer
119691034,"Преподаватель направления ""Data Scientist"""
122467374,Data Scientist LLM (Global markets)
123072738,Senior Data Scientist (A/B Platform)
122423105,Back-end Engineer (Transition to Go)
122540610,Руководитель команды prompt-инженеров GigaChat
122265195,Системный аналитик 1С:Бухгалтерия
123671553,"Senior NLP, LLM Data Scientist"
120373318,Руководитель группы Data Science / Team Lead Data Science
123266428,Trainee/IOS developer (со знанием немецкого языка)
119961214,Senior Data Scientist (Rec. system)
118889321,Senior product manager (направление МФО)
123705460,Senior Data Scientist (LLM)
123604073,Senior NLP Engineer (Центр практического ИИ)
123705903,Business Analyst with Multilingual Support (Polish B2+)
123608380,Senior Data Science в Хаб Юридических Лиц
123418109,Старший разработчик ML Training Platform в AI VK
118668085,Руководитель по ИИ разработке
123714234,Аналитик направления оптимизации стратегии взыскания
123742505,Scala Developer
122018859,Senior Data scientist (RecSys)
122958690,ML-инженер (RecSys AmazMe)
122921667,Lead ML Engineer (AI Tech Lead)
122984042,ML-engineer GigaChat Search Alignment
123259985,Android-разработчик (со знанием немецкого языка)
122951523,ML-engineer GigaChat Search Alignment
123813519,Эксперт ИБ MLSecOps (Безопасность моделей машинного обучения)
119961283,"Senior ML Engineer (Uplift), группа ""Search"""
122277435,Разработчик рекомендательной системы / ML-Engineer (Senior)
120348393,QA Automation Engineer (С#)
124010024,Преподаватель онлайн курсов - Data Science/ML-инженер
123427445,Trainee Power Platform developer
123661956,Senior Data Scientist NLP | RND TeamLead в LegaTech
123453397,Lead Business Data Analyst
123543207,IT-Project Manager (Project based)
123500162,Преподаватель IT
123115252,ML-engineer/ML разработчик
123011642,Старший бизнес-аналитик CLTV
122255733,Angular developer with knowledge of German
122090353,Scala Developer
122696959,.NET Developer со знанием немецкого языка
123671701,"Senior Data Scientist в команду ""Разработка AI-решений БСР"""
123438456,Senior Deep Learning Engineer (RecSys Team)
121340870,Full-stack Java Developer (со знанием итальянского или испанского языка)
122637829,.NET Developer со знанием итальянского языка
123275013,Data Scientist / ML engineer
121783310,Mentor/Lecturer of Applied Analytical Models
123266013,Trainee/Android developer (со знанием немецкого языка)
123293064,Руководитель команды prompt-инженеров GigaChat
123267485,Trainee/.NET MAUI developer (со знанием немецкого языка)
120319529,Программный эксперт курса «ML специалист»
123816128,"Data Engineer, Data Scientist (преподаватель дисциплины Apache Spark)"
124032107,ML-инженер
122871730,Team Lead Data Science (Python)
123592112,Руководитель команды prompt-инженеров GigaChat
123111578,Data Scientist в Trust & Safety
123618069,Автор курса «Специалист по Data Science»
121064506,Аналитик по управлению данными (data governance)
123744677,Data Scientist / аналитик (апробирование ML-платформы)
123694170,AI/ML специалист
123314515,AI Engineering
123913164,Онлайн Преподаватель AI
122866510,Machine Learning Engineer / Инженер по Машинному Обучению
122535259,MLOps специалист
123797078,Разработчик-аналитик BI
123849955,Data Scientist (стажер)
124063106,ИТ-рекрутер
123640035,Java Developer
123884602,Специалист по работе с исполнительным производством
123925738,Product/Data Analyst
124066539,Data Scientist/Team lead
123255363,Python Developer
122541290,Prompt-инженер GigaChat
123840674,Старший BI-аналитик
124022074,AI аналитик
121218701,Prompt-инженер GigaChat
123155839,IT-рекрутер
123840675,Старший BI-аналитик
121889482,"Data Scientist, Anti-Fraud, Ozon Bank"
122541288,Prompt-инженер GigaChat
123410979,Специалист по анализу данных/ Data Scientist
123708372,Data analyst / Аналитик данных (стажер)
123467240,Руководитель проектов
123666158,Старший BI-аналитик
80321809,ML-инженер
123155840,IT-рекрутер
119228142,React Developer
123017835,Data Science Trainee
123918462,ML-инженер (портал Рамблер)
123469663,Специалист технической поддержки (Система ПРАНА)
80321762,ML-инженер
119228141,React Developer
123084244,Технический директор/CTO
123462479,Специалист технической поддержки (Система ПРАНА)
119228143,React Developer
123462478,Специалист технической поддержки (Система ПРАНА)
123196791,Investment Analyst
121218899,Prompt-инженер GigaChat
120639047,Ведущий специалист по качеству поиска
123840673,Старший BI-аналитик
122867021,AI Product manager
119285739,QA Engineer
119285737,QA Engineer
119275717,Middle+ / Senior ML-инженер
122768517,ML-инженер (машинное обучение)
123114085,Стажер-аналитик по календарно-сетевому планированию (г. Казань)
123617388,Product Manager
117722217,Middle+ / Senior ML-инженер
121228991,Prompt-инженер GigaChat
122867022,AI product manager
123355248,Junior Machine learning/Data scientist engineer (ML/DS engineer)
93779832,ML-инженер
123355245,Junior Machine learning/Data scientist engineer (ML/DS engineer)
123227900,Портфельный аналитик
120382490,ML-инженер
123255061,DevOps/SRE Engineer
123714733,Руководитель отдела аналитики (Телеком)
123604643,ML-инженер (машинное обучение)
120639040,Ведущий специалист по качеству поиска
123114082,Стажер-аналитик по календарно-сетевому планированию (г. Казань)
123336107,"Ведущий специалист по Data Science (NLP, LLM)"
123355244,Junior Machine learning/Data scientist engineer (ML/DS engineer)
123432389,"Старший Data Scientist, Логистика, Маршрутизатор"
122521502,Trainee JS developer
120639042,Ведущий специалист по качеству поиска
123617387,Product Manager
122521503,Trainee JS developer
123017837,Data Science Trainee
123196790,Investment Analyst
123345100,Engineering Manager в сервис Data Science
119401924,Search Quality Improvement Lead
123617389,Product Manager
123845558,Эксперт/Senior эксперт Продвинутая аналитика и моделирование (Data Scientist/ML-инженер)
122521501,Trainee JS developer
122172867,Middle Android Developer
122521497,Trainee/Hardware developer
122521496,Trainee/Hardware developer
122172870,Middle Android Developer
123310181,Data Scientist (NLP)
123119919,Сhief Data Officer / Директор по данным и аналитике
121844226,Data Science (Финансовый инжиниринг)
117997535,Middle+ / Senior ML-инженер
123543796,Менеджер по развитию
122222201,Data Security AI/ML Engineer
122222207,Data Security AI/ML Engineer
123335576,Data Scientist в команду Интегрированного бизнес-планирования
120237350,.NET FullStack Developer
118831045,Middle/ Senior Data Engineer
120237352,.NET FullStack Developer
123714735,Руководитель отдела аналитики (Телеком)
122172871,Middle Android Developer
121014613,PHP Developer
123669439,"Middle Data Scientist в команду ""Разработка AI-решений БСР"""
123355246,Junior Machine learning/Data scientist engineer (ML/DS engineer)
123355247,Junior Machine learning/Data scientist engineer (ML/DS engineer)
119770528,Middle+ / Senior ML-инженер
122172869,Middle Android Developer
122521477,Trainee Embedded developer
123635681,Prompt-инженер GigaChat
123060817,Ведущий Data Scientist (BI-аналитик)
123543808,Менеджер по повышению операционной эффективности
121986131,Middle/Senior .NET FullStack Developer
122052449,ML-инженер (middle/middle+)
123017839,Data Science Trainee
122521478,Trainee Embedded developer
121014336,PHP Developer
119596500,Node Developer
123255601,Blockchain Expert (Backend Developer)
119401926,Search Quality Improvement Lead
121963174,Junior/ Middle Data Engineer
123845559,Эксперт/Senior эксперт Продвинутая аналитика и моделирование (Data Scientist/ML-инженер)
123230018,Ведущий специалист группы поддержки рабочих мест
123900530,MLOps инженер в команду Data/ML
123354822,Middle/Senior Machine learning/Data scientist engineer (ML/DS engineer)
120639045,Ведущий специалист по качеству поиска
119275716,Middle+ / Senior ML-инженер
123017836,Data Science Trainee
120819859,Python ML/AI Engineer
121014551,PHP Developer
122940904,"ML-инженер GPT, LLM"
123216197,Marketing Analyst
122521500,Trainee JS developer
123354820,Middle/Senior Machine learning/Data scientist engineer (ML/DS engineer)
117823994,Разработчик баз данных (MS SQL)
118831104,Middle/ Senior Data Engineer
123933252,Ведущий ML инженер
123845561,Эксперт/Senior эксперт Продвинутая аналитика и моделирование (Data Scientist/ML-инженер)
122521479,Trainee Embedded developer
123257450,Tech Lead для стоматологического ПО
123354821,Middle/Senior Machine learning/Data scientist engineer (ML/DS engineer)
123801380,"Senior ML-engineer, NLP в техподдержке"
119961398,"ML Engineer (""Search"")"
123114086,Стажер-аналитик по календарно-сетевому планированию (г. Казань)
121204243,PHP (Drupal) Developer
118830932,Middle/ Senior Data Engineer
123092315,"Delivery manager (ERP, Enterprise)"
118830985,Middle/ Senior Data Engineer
120639043,Ведущий специалист по качеству поиска
122521495,Trainee/Hardware developer
122222208,Data Security AI/ML Engineer
120819860,Python ML/AI Engineer
123017838,Data Science Trainee
119401925,Search Quality Improvement Lead
123326742,Senior/Lead Backend engineer with AI
120639041,Ведущий специалист по качеству поиска
122222202,Data Security AI/ML Engineer
121963202,Junior/ Middle Data Engineer
123354823,Middle/Senior Machine learning/Data scientist engineer (ML/DS engineer)
123801378,"Senior ML-engineer, NLP в техподдержке"
122222206,Data Security AI/ML Engineer
123543806,Менеджер по повышению операционной эффективности
120639044,Ведущий специалист по качеству поиска
123543798,Менеджер по развитию
122571751,Инженер АСУ ТП
119377861,Search Quality Improvement Lead
121204314,PHP (Drupal) Developer
123257451,Tech Lead для стоматологического ПО
119864278,Middle+ / Senior ML-инженер
123017832,Data Science Trainee
122222203,Data Security AI/ML Engineer
120639038,Ведущий специалист по качеству поиска
123017833,Data Science Trainee
120639046,Ведущий специалист по качеству поиска
123017834,Data Science Trainee
122571747,Инженер АСУ ТП
117160639,Middle+/Senior С# .NET
123716127,Technical Solutions Engineer
123092623,Delivery Manager (fintech)
119596502,Node Developer
119401929,Search Quality Improvement Lead
123017831,Data Science Trainee
119596501,Node Developer
123692149,ATL Marketing Lead
122521494,Trainee/Hardware developer
122571749,Инженер АСУ ТП
119401927,Search Quality Improvement Lead
121443308,QA Automation Engineer (Java)
122521475,Trainee Embedded developer
122571750,Инженер АСУ ТП
119961233,Senior Data Scientist (Rec. system)
119961361,"Senior ML Engineer (Uplift), группа ""Search"""
122222205,Data Security AI/ML Engineer
122540661,Руководитель команды prompt-инженеров GigaChat
